"id","fitted","residual","standardized_residual","rstudent","leverage","cooks_distance","high_leverage","outlier_y","influential"
1,47.1669023940306,-9.2669023940306,-1.05606587784078,-1.05621583359205,0.0185607904387833,0.00301312427164439,FALSE,FALSE,FALSE
2,47.8236667907897,-5.62366679078966,-0.638841250827135,-0.638376096121997,0.012289874409481,0.000725447187832165,FALSE,FALSE,FALSE
3,48.7997601338734,-1.4997601338734,-0.170661474653742,-0.170457787058034,0.0156515303124715,6.61577739964532e-05,FALSE,FALSE,FALSE
4,48.3706755379278,6.4293244620722,0.730925246243962,0.730506361311675,0.0138090576078951,0.0010686879618867,FALSE,FALSE,FALSE
5,46.1398042561418,-3.03980425614183,-0.345052560334159,-0.344678820935848,0.010770686856728,0.000185190579656329,FALSE,FALSE,FALSE
6,31.1329162900215,0.967083709978536,0.110133105032425,0.109999362265472,0.0171921502418285,3.03109332754081e-05,FALSE,FALSE,FALSE
7,38.6129980282483,1.68700197175165,0.192242443256481,0.192014845971864,0.0184580316530863,9.92834882713019e-05,FALSE,FALSE,FALSE
8,46.8512798318187,-0.151279831818708,-0.0171381795965919,-0.0171171185497941,0.00686351966682867,2.89980828821162e-07,FALSE,FALSE,FALSE
9,9.16705104911339,9.63294895088661,1.11121408273332,1.11153553921402,0.0421460549914567,0.00776166815113667,TRUE,FALSE,FALSE
10,34.7720519613733,-12.6720519613733,-1.43740381069865,-1.4392948004008,0.00936753981084498,0.00279108161957747,FALSE,FALSE,FALSE
11,33.5738176498751,7.82618235012492,0.891815755140602,0.891591057863728,0.0184195667093073,0.00213209110461379,FALSE,FALSE,FALSE
12,53.0993152212,5.00068477879999,0.568379546984951,0.567906294479265,0.013360896658062,0.000624965615886331,FALSE,FALSE,FALSE
13,40.8120565830127,-1.51205658301273,-0.171231809595567,-0.171027482267227,0.00609828048003621,2.5700099568202e-05,FALSE,FALSE,FALSE
14,26.9388637238971,-3.13886372389714,-0.357444271832823,-0.357060930150793,0.0171109734798265,0.000317752426160772,FALSE,FALSE,FALSE
15,45.605864014878,-11.305864014878,-1.28897243014823,-1.29002370343248,0.0193895737661214,0.00469311258009776,FALSE,FALSE,FALSE
16,38.1120692090235,12.3879307909765,1.41563401027452,1.41738766293775,0.0239505680893717,0.00702502609507895,FALSE,FALSE,FALSE
17,50.7432545151569,19.3567454848431,2.19727206789758,2.20770447887924,0.0108247129545965,0.00754766751907313,FALSE,TRUE,FALSE
18,37.184354690192,0.215645309808036,0.0245720787001992,0.0245418915102684,0.0183142506571012,1.60917183452904e-06,FALSE,FALSE,FALSE
19,46.732711542984,-4.432711542984,-0.503227001839641,-0.502764842368314,0.0110204369826014,0.000403126483989655,FALSE,FALSE,FALSE
20,47.531018216428,0.168981783571996,0.0192534805145133,0.0192298218006332,0.018167219184354,9.79876601998698e-07,FALSE,FALSE,FALSE
21,35.2764332093475,-5.97643320934748,-0.679340147230554,-0.678890074443654,0.0135255832437966,0.000903954761924357,FALSE,FALSE,FALSE
22,49.4676425595289,2.13235744047114,0.241790765319226,0.241510888704292,0.0086732163268654,7.30709440550363e-05,FALSE,FALSE,FALSE
23,28.8322745429646,-4.23227454296462,-0.482366030139934,-0.481910849435388,0.0187707610287954,0.000635867738580504,FALSE,FALSE,FALSE
24,47.859181839753,0.0408181602469708,0.00462412054513019,0.00461843643498878,0.00682722384644892,2.09980801930744e-08,FALSE,FALSE,FALSE
25,34.8566849742002,3.94331502579976,0.448206859638942,0.447766417519484,0.0133975322241104,0.000389710018672722,FALSE,FALSE,FALSE
26,31.9717929440803,-4.97179294408035,-0.564796516454688,-0.564323430249213,0.0123153674633426,0.000568218091318849,FALSE,FALSE,FALSE
27,46.1397014727712,10.0602985272288,1.14555252023572,1.14599334753825,0.0169672787098182,0.00323575916498337,FALSE,FALSE,FALSE
28,42.0972219751996,-8.49722197519963,-0.965635443929965,-0.965555125225628,0.0130303938731136,0.00175866095340858,FALSE,FALSE,FALSE
29,42.7482026024909,4.25179739750907,0.481791400951174,0.481336434691285,0.00733368962386989,0.000244984885892168,FALSE,FALSE,FALSE
30,45.689349238159,11.410650761841,1.29292057750987,1.29399134199727,0.00721917628076802,0.00173652052918468,FALSE,FALSE,FALSE
31,13.3042981798321,8.79570182016789,1.00559644791193,1.00561034848561,0.0248536870072538,0.00368188706293527,FALSE,FALSE,FALSE
32,40.5224532995109,-15.5224532995109,-1.7664454136153,-1.77107617800954,0.015770157589866,0.00714236280978541,FALSE,FALSE,FALSE
33,30.6375243693638,3.56247563063616,0.40706233149259,0.406644733346851,0.0237563521973565,0.000576030296209627,FALSE,FALSE,FALSE
34,46.3963894347943,2.90361056520568,0.328576489439828,0.328216119439864,0.00464039056174802,7.1903404120821e-05,FALSE,FALSE,FALSE
35,47.0906310650569,8.00936893494313,0.910023852415642,0.909831310590907,0.0126587203166076,0.00151680594134479,FALSE,FALSE,FALSE
36,33.1947740502812,-5.89477405028121,-0.713266212206973,-0.712835084983091,0.129422836815953,0.0108046053325911,TRUE,FALSE,TRUE
37,30.4715221783529,-7.57152217835294,-0.858733349635195,-0.858455795025802,0.0091087648915025,0.000968394076947118,FALSE,FALSE,FALSE
38,30.8477100289058,-5.54771002890578,-0.631972472814932,-0.631505540704642,0.0177830365152498,0.0010329915610986,FALSE,FALSE,FALSE
39,44.367708882966,3.33229111703401,0.379514562033035,0.379115128755117,0.0173355836439273,0.000362987848632954,FALSE,FALSE,FALSE
40,45.8768203812608,0.32317961873917,0.0365882786474871,0.0365433623576161,0.00555625406129519,1.06853263465488e-06,FALSE,FALSE,FALSE
41,14.3995381760296,1.50046182397043,0.171103245766812,0.170899062610042,0.0198113880676769,8.45324991183607e-05,FALSE,FALSE,FALSE
42,16.5052654454991,1.69473455450094,0.19340771219986,0.19317884200275,0.021339541274515,0.000116520562676343,FALSE,FALSE,FALSE
43,36.5582765728906,-1.85827657289057,-0.211374422571585,-0.211126177826051,0.0148733150501903,9.63657093158261e-05,FALSE,FALSE,FALSE
44,40.1881058086715,-6.08810580867153,-0.694368344542982,-0.693925934646596,0.0201472762341559,0.00141624152509734,FALSE,FALSE,FALSE
45,47.673300518677,6.22669948132304,0.70853065156481,0.708096522376911,0.0155928166767229,0.00113597570849711,FALSE,FALSE,FALSE
46,39.753931884306,-1.453931884306,-0.16541372417246,-0.16521594187562,0.0152606555612898,6.0575490478227e-05,FALSE,FALSE,FALSE
47,46.7719185993288,-4.77191859932877,-0.542514809836639,-0.542043945000563,0.0138587966034323,0.000590896710666178,FALSE,FALSE,FALSE
48,37.50126071409,23.99873928591,2.73282844659288,2.75486164648149,0.017056932180409,0.0185139573054713,FALSE,TRUE,TRUE
49,12.6284585722396,0.771541427760388,0.0881726510822237,0.088065105357707,0.0240513872790902,2.73705130490959e-05,FALSE,FALSE,FALSE
50,9.47351854462788,3.72648145537212,0.42780913138955,0.427379347367294,0.0328940027466856,0.000889292660828182,FALSE,FALSE,FALSE
51,41.79806436995,2.40193563005004,0.272005454075242,0.27169578592001,0.00609756993505706,6.48440634761885e-05,FALSE,FALSE,FALSE
52,23.8179945078402,-3.11799450784016,-0.357471492559712,-0.357088130224457,0.0302850021582394,0.000570122634937619,FALSE,FALSE,FALSE
53,34.8653492172747,-7.86534921727467,-0.895750192297417,-0.895532256418685,0.0172604201540456,0.00201320822309783,FALSE,FALSE,FALSE
54,41.5893167545477,-2.68931675454769,-0.30435144439625,-0.304011915579836,0.00480215062859605,6.38526673394008e-05,FALSE,FALSE,FALSE
55,45.4747049438664,6.2252950561336,0.704851386113724,0.704415005605135,0.0057376085728335,0.000409568908526398,FALSE,FALSE,FALSE
56,23.2760244260415,-9.57602442604148,-1.09451082972034,-1.09477775337816,0.0243217756968172,0.00426609726390643,FALSE,FALSE,FALSE
57,43.3998970072198,-1.49989700721979,-0.170486953254813,-0.170283461497803,0.0134551677473576,5.66313024256696e-05,FALSE,FALSE,FALSE
58,45.8611456319927,7.63885436800725,0.870953820934237,0.870694967654782,0.0195116192835205,0.002156468305006,FALSE,FALSE,FALSE
59,13.5216389877175,9.07836101228247,1.03908882428038,1.03919083583072,0.0270605832007312,0.00429001352628454,FALSE,FALSE,FALSE
60,40.6611058016044,1.73889419839563,0.197445856667351,0.197212590332532,0.011386547439462,6.41451098676631e-05,FALSE,FALSE,FALSE
61,34.0120056998999,-12.7120056998999,-1.4427348056339,-1.4446601976513,0.0104644810728431,0.00314457014980942,FALSE,FALSE,FALSE
62,50.3850102530979,12.8149897469021,1.45484366957065,1.45684834106171,0.0110368332767103,0.00337441880404088,FALSE,FALSE,FALSE
63,29.6879232517561,-1.98792325175608,-0.225465447010216,-0.225202356512393,0.0091327252534356,6.69340119881872e-05,FALSE,FALSE,FALSE
64,47.700270192129,7.29972980787105,0.830653103632562,0.830336148103371,0.0156479846413574,0.00156692900795135,FALSE,FALSE,FALSE
65,33.1977496729942,-7.89774967299418,-0.899480909166719,-0.89926947933774,0.0173495074681399,0.00204067542460354,FALSE,FALSE,FALSE
66,43.5830389227333,0.71696107726665,0.0816673900720623,0.0815676682131679,0.017641396398297,1.71104810139491e-05,FALSE,FALSE,FALSE
67,47.0335199380363,3.66648006196367,0.416273084145086,0.415849912663494,0.0111777228202454,0.000279829640984813,FALSE,FALSE,FALSE
68,47.0853225469514,9.71467745304861,1.10326788075789,1.10356310981216,0.0117403360535368,0.00206572910251187,FALSE,FALSE,FALSE
69,43.2114650792847,-7.0114650792847,-0.7952154082247,-0.794855619305687,0.00911278262141881,0.000830803500094759,FALSE,FALSE,FALSE
70,45.1537546132773,-3.15375461327725,-0.358698451715089,-0.358314160475899,0.0146896573553908,0.000274030932379444,FALSE,FALSE,FALSE
71,54.3056605035814,4.6943394964186,0.534802844977133,0.534333215900149,0.0179404579052228,0.000746423117706133,FALSE,FALSE,FALSE
72,35.0346308024233,5.76536919757674,0.654497344377236,0.654037076128659,0.0109580383918033,0.000678009591279661,FALSE,FALSE,FALSE
73,45.0845342072273,-8.78453420722735,-0.999751723184038,-0.999751111893067,0.0159222737387641,0.00231026589417372,FALSE,FALSE,FALSE
74,15.2037685359175,4.79623146408251,0.546687765230534,0.546216330727013,0.0189349452219155,0.000824037385715051,FALSE,FALSE,FALSE
75,52.7749128012704,1.62508719872961,0.185406021281332,0.185185930281742,0.0207762954965633,0.000104192347735655,FALSE,FALSE,FALSE
76,32.4831399072326,-2.98313990723265,-0.340600523723448,-0.340230330236646,0.0222386428662193,0.00037693632684301,FALSE,FALSE,FALSE
77,37.9647699484264,-1.16476994842644,-0.132660239410092,-0.132500030604657,0.0174039614366483,4.45304021131476e-05,FALSE,FALSE,FALSE
78,28.3722772457723,-2.77227724577229,-0.314676676518235,-0.314328097771778,0.0107171973811958,0.000153246949796743,FALSE,FALSE,FALSE
79,32.8316390142465,-3.0316390142465,-0.345340030248603,-0.34496606361406,0.0177153048027533,0.000307260729280796,FALSE,FALSE,FALSE
80,28.070705679691,-1.57070567969105,-0.179036219841569,-0.178823180255701,0.0189659592063076,8.85267445946182e-05,FALSE,FALSE,FALSE
81,44.7899756386002,-4.48997563860019,-0.509499708999434,-0.509035763781538,0.010134160739268,0.000379665637565295,FALSE,FALSE,FALSE
82,37.8607677385588,-1.06076773855881,-0.120349121015451,-0.120203319901416,0.00978156226479349,2.04392530537643e-05,FALSE,FALSE,FALSE
83,45.8239853340284,2.27601466597163,0.257847758036158,0.257551833978528,0.00688477185761992,6.58443616207396e-05,FALSE,FALSE,FALSE
84,24.6138654295238,-6.91386542952378,-0.785345610223932,-0.784975219975901,0.0121376094013017,0.0010825807664455,FALSE,FALSE,FALSE
85,44.2651052486464,-0.565105248646422,-0.0640138366297554,-0.0639354690474955,0.00668449215677394,3.9394072197803e-06,FALSE,FALSE,FALSE
86,49.3590837514893,1.44091624851075,0.164558014088317,0.164361197931657,0.0227275624075563,8.99657580698079e-05,FALSE,FALSE,FALSE
87,31.256402979954,-4.25640297995403,-0.486603405680336,-0.486146679986854,0.0247601547470595,0.00085880421264324,FALSE,FALSE,FALSE
88,16.9073803679925,1.39261963200747,0.159085521821059,0.158894905170739,0.0232577795311676,8.60897728994233e-05,FALSE,FALSE,FALSE
89,36.9105701362201,11.0894298637799,1.26640415321479,1.26734686593889,0.0226501900047789,0.00530968098772967,FALSE,FALSE,FALSE
90,16.4736423117309,8.82635768826908,1.0063194845838,1.00633519804198,0.0194549959544589,0.00287036639531904,FALSE,FALSE,FALSE
91,42.5950351523885,2.80496484761151,0.320396653164693,0.320043166787383,0.0230886567900284,0.000346594300966891,FALSE,FALSE,FALSE
92,38.5835101624658,4.61648983753422,0.526670847794424,0.526202775801417,0.0206871439460393,0.00083706580441292,FALSE,FALSE,FALSE
93,28.1721786797305,-6.37217867973052,-0.723496635206578,-0.723072397535988,0.0112668231265875,0.000852113332999793,FALSE,FALSE,FALSE
94,23.5988018807808,-7.49880188078084,-0.856861438221795,-0.856581103077878,0.0237999840811645,0.00255717831619263,FALSE,FALSE,FALSE
95,34.9676789411329,6.0323210588671,0.687178729433255,0.686732510624235,0.0177868870574787,0.00122161848532776,FALSE,FALSE,FALSE
96,44.2165777127911,7.58342228720885,0.859763491455646,0.85948747650706,0.00837211627237335,0.000891551592287183,FALSE,FALSE,FALSE
97,53.5014306585944,5.99856934140556,0.682178867269558,0.681730154409323,0.014458102116591,0.000975292038495444,FALSE,FALSE,FALSE
98,37.5183370074444,-2.91833700744441,-0.33082715081498,-0.330464915044475,0.00815263543917948,0.000128516067526018,FALSE,FALSE,FALSE
99,47.1101353370942,3.88986466290578,0.440836975371676,0.440400228799861,0.00759440712420177,0.000212452898269455,FALSE,FALSE,FALSE
100,53.5014306585944,8.69856934140556,0.989232572377887,0.989206479455744,0.014458102116591,0.00205085507446196,FALSE,FALSE,FALSE
101,44.7031097425542,-6.50310974255415,-0.739605969285648,-0.739193717008013,0.0145885625446092,0.00115690494713724,FALSE,FALSE,FALSE
102,39.3996330021376,-6.49963300213763,-0.741303562064451,-0.740892654835525,0.0201451547782007,0.00161399802120861,FALSE,FALSE,FALSE
103,47.4356348605298,6.96436513947019,0.790519066696206,0.790154162394497,0.0107305092479622,0.000968350042767971,FALSE,FALSE,FALSE
104,43.8312410580057,1.8687589419943,0.213299597523584,0.213049305800014,0.0216308643169427,0.000143698806601533,FALSE,FALSE,FALSE
105,35.4653282457098,-4.96532824570981,-0.565430032367922,-0.5649569128568,0.0170884644750469,0.000794050844227462,FALSE,FALSE,FALSE
106,48.5978305056276,22.4021694943724,2.54664231401076,2.56402222067667,0.0136739490427653,0.0128443258562663,FALSE,TRUE,TRUE
107,47.9125365829213,-0.812536582921275,-0.0920601333927369,-0.0919479251839255,0.00706939942840846,8.6200301516651e-06,FALSE,FALSE,FALSE
108,31.6519398738927,-5.05193987389274,-0.575896428637162,-0.575423002565836,0.0191472281173614,0.000924895823439363,FALSE,FALSE,FALSE
109,36.2758387336167,-2.17583873361674,-0.247287515143497,-0.247002091829262,0.0132087855661368,0.000116934848350153,FALSE,FALSE,FALSE
110,36.7957488933519,-8.39574889335192,-0.955957192971966,-0.955855790709005,0.0168534960868708,0.0022379512195216,FALSE,FALSE,FALSE
111,45.0477772312301,6.55222276876991,0.742414526992913,0.742004508552282,0.00720259169192077,0.000571245830792765,FALSE,FALSE,FALSE
112,44.9766577145782,-5.57665771457822,-0.63431984245163,-0.633853492889133,0.0148380440661978,0.000865740188080188,FALSE,FALSE,FALSE
113,33.9510053821513,-10.8510053821513,-1.23134269978949,-1.23212623652491,0.0101752110159592,0.00222661401523107,FALSE,FALSE,FALSE
114,43.2667983823296,-35.6667983823296,-4.044628515265,-4.12337426134087,0.0088321127302422,0.0208245976603653,FALSE,TRUE,TRUE
115,43.3889038080878,9.9110961919122,1.12903415176089,1.1294163237167,0.0177874643257362,0.003297802837601,FALSE,FALSE,FALSE
116,38.5491680475942,7.8508319524058,0.892102013134616,0.891877804346506,0.012860405396112,0.00148117743029174,FALSE,FALSE,FALSE
117,1.28832516920594,10.9116748307941,1.26920077536306,1.27015667863804,0.0578969244486772,0.0141422884181514,TRUE,FALSE,TRUE
118,13.2729579316688,-0.272957931668797,-0.0311612702899775,-0.0311230022144908,0.0220033242161021,3.12092395156489e-06,FALSE,FALSE,FALSE
119,33.826970880006,-3.22697088000604,-0.366464288145964,-0.366074210405849,0.0116676234431096,0.000226487720146627,FALSE,FALSE,FALSE
120,47.4852805861357,12.1147194138643,1.37401612232476,1.37552107502968,0.00912399699503422,0.00248342723755081,FALSE,FALSE,FALSE
121,42.0184018653941,-10.7184018653941,-1.21301807093574,-1.21372291175972,0.00481968135663728,0.00101801235730403,FALSE,FALSE,FALSE
122,43.653831743721,4.34616825627902,0.492933352071201,0.492474438576425,0.00913859708504217,0.00032014371901563,FALSE,FALSE,FALSE
123,40.4590500899207,-7.95905008992067,-0.903359265139482,-0.903154697031756,0.0105867601359953,0.00124740741738338,FALSE,FALSE,FALSE
124,44.0147931208881,1.48520687911186,0.170140546624849,0.169937443700295,0.0287422330655202,0.000122378072725139,FALSE,FALSE,FALSE
125,47.0549519947661,10.3450480052339,1.17292413292658,1.17346727774883,0.00848012342905697,0.00168090261462029,FALSE,FALSE,FALSE
126,47.8647199713762,0.735280028623765,0.0834627893101677,0.0833609054995966,0.0107729150462707,1.08373970662977e-05,FALSE,FALSE,FALSE
127,35.2457902955971,27.6542097044029,3.1415226999164,3.17640897481931,0.0123152519636727,0.0175795323843522,FALSE,TRUE,TRUE
128,48.9545069600275,6.04549303997254,0.685744557083049,0.685297609942251,0.00936205103747144,0.0006348669834709,FALSE,FALSE,FALSE
129,37.1400879105589,23.5599120894411,2.6827799295687,2.70349274519097,0.0170000809853368,0.0177815479603517,FALSE,TRUE,TRUE
130,43.5011134518168,-2.50111345181676,-0.284522372855174,-0.284200887225122,0.0150590634053317,0.000176816413661043,FALSE,FALSE,FALSE
131,44.8232193900993,-7.3232193900993,-0.831135538092994,-0.830819218138641,0.0104525291807987,0.00104239044185701,FALSE,FALSE,FALSE
132,36.3666642974064,-5.66666429740645,-0.644565507440904,-0.64410200381541,0.0148619459904326,0.000895395002739839,FALSE,FALSE,FALSE
133,40.5281016567683,-3.02810165676828,-0.342646336171954,-0.342274507042367,0.00453736109560124,7.64491256487719e-05,FALSE,FALSE,FALSE
134,47.7612017632761,-8.26120176327612,-0.939490494347321,-0.939354740082685,0.0144516717663429,0.00184895739574184,FALSE,FALSE,FALSE
135,36.6679374393683,5.53206256063173,0.629988259548543,0.629520855061955,0.0171539386174588,0.00098956704113208,FALSE,FALSE,FALSE
136,30.7270309462609,-9.92703094626089,-1.13080839736259,-1.13119675934097,0.0177162720271666,0.00329469639022747,FALSE,FALSE,FALSE
137,43.9846605592688,2.81533944073116,0.319497097682681,0.319144378024842,0.0102991520607805,0.000151751615337533,FALSE,FALSE,FALSE
138,45.4520049381912,1.94799506180885,0.221059574213159,0.220801091114391,0.0102322636186234,7.21703889674033e-05,FALSE,FALSE,FALSE
139,38.381016763942,5.11898323605802,0.58321610151028,0.582742737084173,0.0180606783958749,0.000893738319010362,FALSE,FALSE,FALSE
140,39.5517719537274,2.94822804627265,0.334731823934814,0.334366380575458,0.0112092688034571,0.000181454968810808,FALSE,FALSE,FALSE
141,46.3059049772063,5.0940950227937,0.576793979666933,0.576320548851991,0.00581113602659079,0.000277802113008815,FALSE,FALSE,FALSE
142,39.8666245965154,-10.9666245965154,-1.24590019787077,-1.24674844012021,0.0124577323161618,0.00279738197071759,FALSE,FALSE,FALSE
143,41.9055454292518,-4.40554542925175,-0.499229969972153,-0.498769024666762,0.00739989303975725,0.000265432674519936,FALSE,FALSE,FALSE
144,43.653831743721,-3.55383174372098,-0.403068194978082,-0.402653093092246,0.00913859708504217,0.000214055129419618,FALSE,FALSE,FALSE
145,30.4455945915113,-2.04559459151135,-0.233021260829427,-0.232750344294645,0.0177449144634949,0.000140133729310814,FALSE,FALSE,FALSE
146,46.1796637188677,-0.679663718867674,-0.0771672198947415,-0.077072925393209,0.0112221828013064,9.65486693193013e-06,FALSE,FALSE,FALSE
147,40.5821148086215,11.6178851913785,1.33099015703711,1.33225662395755,0.0288625069397377,0.00752150894777446,FALSE,FALSE,FALSE
148,47.0452039976835,-3.84520399768354,-0.438077250284378,-0.437641933122074,0.0179951845566341,0.000502395856164758,FALSE,FALSE,FALSE
149,15.5258235822104,29.5741764177896,3.38636337665459,3.43087949734086,0.0278473836586296,0.0469265931878909,FALSE,TRUE,TRUE
150,40.2392917125213,-0.539291712521338,-0.0614831876080927,-0.0614078941602012,0.0193568706611225,1.06595499566759e-05,FALSE,FALSE,FALSE
151,40.4825311833529,8.01746881664707,0.911220251270197,0.911029899954486,0.0132569394478594,0.00159363139887625,FALSE,FALSE,FALSE
152,54.6102023539292,-9.91020235392915,-1.12909225355049,-1.12947462779507,0.0180656853797267,0.0033506789790995,FALSE,FALSE,FALSE
153,31.7058792207967,-2.80587922079673,-0.319860008218237,-0.319506979010828,0.0191687243165516,0.000285641137474895,FALSE,FALSE,FALSE
154,43.4651467436158,-2.5651467436158,-0.291988518405328,-0.291660139245192,0.0162853737534525,0.000201633231440538,FALSE,FALSE,FALSE
155,16.4782957720471,4.22170422795293,0.481791448523381,0.48133648224569,0.0213358485604754,0.000722930211313386,FALSE,FALSE,FALSE
156,15.2037685359175,0.396231464082512,0.0451635612741906,0.0451081566945862,0.0189349452219155,5.62399034432449e-06,FALSE,FALSE,FALSE
157,26.7555297968638,-8.45552979686378,-0.968842547372546,-0.968769362572254,0.0291514396407356,0.00402639967213517,FALSE,FALSE,FALSE
158,42.2315307542675,-6.63153075426745,-0.750477937157888,-0.750074573051945,0.00475967181862486,0.000384792733017586,FALSE,FALSE,FALSE
159,45.2179755151022,-5.81797551510223,-0.658793679534132,-0.658334958085201,0.00592036068871122,0.000369256199369169,FALSE,FALSE,FALSE
160,39.3897555935592,-1.9897555935592,-0.226013472576396,-0.225749811227107,0.0121134774420144,8.9481321731442e-05,FALSE,FALSE,FALSE
161,47.2268843584213,10.5731156415787,1.20637280602418,1.20704985855195,0.0209178451529512,0.00444183934133064,FALSE,FALSE,FALSE
162,41.6105362230182,-2.01053622301822,-0.227837848907707,-0.22757229080342,0.00745933566140743,5.57321175969647e-05,FALSE,FALSE,FALSE
163,12.8592599249029,-1.25925992490289,-0.143860818209173,-0.14368762962701,0.0233882144459374,7.08047050993609e-05,FALSE,FALSE,FALSE
164,47.0853225469514,8.41467745304861,0.955630632695153,0.955528530637495,0.0117403360535368,0.00154985669446876,FALSE,FALSE,FALSE
165,41.011199404567,14.188800595433,1.62425623172096,1.62754311555382,0.0273456456061062,0.0105959692453712,FALSE,FALSE,TRUE
166,35.202486128929,-4.60248612892905,-0.526510728675848,-0.526042689933299,0.0260273217435059,0.00105827641358403,FALSE,FALSE,FALSE
167,51.6014242219488,21.9985757780512,2.49951432124339,2.51582579116763,0.012688674396996,0.0114703152202402,FALSE,TRUE,TRUE
168,45.3941735818556,-1.99417358185558,-0.226350787102499,-0.226086774637597,0.0106769056610567,7.89902041516155e-05,FALSE,FALSE,FALSE
169,37.0704982875166,0.329501712483408,0.0373446005999025,0.0372987584006904,0.00771606058886879,1.54923487574519e-06,FALSE,FALSE,FALSE
170,30.918017694801,-7.41801769480096,-0.852231914428827,-0.851944797856547,0.0343129873401556,0.00368671602442105,TRUE,FALSE,FALSE
171,12.7259201283678,1.67407987163219,0.191138519659969,0.190912130048863,0.0222402368462495,0.000118715012621383,FALSE,FALSE,FALSE
172,48.1502766001395,10.6497233998605,1.20802172920977,1.2087056399883,0.00938839345492886,0.00197578335448127,FALSE,FALSE,FALSE
173,54.3056605035814,3.7943394964186,0.432270303211326,0.431838073904369,0.0179404579052228,0.000487650265760626,FALSE,FALSE,FALSE
174,37.3033344506772,-2.20333445067724,-0.251025393220208,-0.250736229418913,0.0180219368301948,0.000165210235082531,FALSE,FALSE,FALSE
175,51.7255632102045,-6.52556321020455,-0.741130557817933,-0.740719512791508,0.0118501491784117,0.000941006034618955,FALSE,FALSE,FALSE
176,35.9569906333484,0.543009366651595,0.0615626660785078,0.061487276038535,0.00835540002259543,4.56192346201833e-06,FALSE,FALSE,FALSE
177,12.967641855687,6.23235814431302,0.713040860161722,0.71260958741215,0.0262393563257639,0.001957184439564,FALSE,FALSE,FALSE
178,44.8057048132357,-2.80570481323574,-0.318918533237961,-0.318566307715541,0.0134918297241827,0.000198715452989688,FALSE,FALSE,FALSE
179,45.7632673297071,-9.06326732970708,-1.03340305466022,-1.03348950722129,0.019593128642728,0.00304886984851964,FALSE,FALSE,FALSE
180,39.437030952982,3.16296904701803,0.359963037792869,0.359577793326812,0.015874884495219,0.000298591908823077,FALSE,FALSE,FALSE
181,9.21787689443909,6.28212310556091,0.720190061564161,0.719763536338183,0.030171626973455,0.00230515457021844,FALSE,FALSE,FALSE
182,51.5828057665305,4.31719423346949,0.489847744194877,0.489389879094705,0.00994983640783139,0.000344495001801191,FALSE,FALSE,FALSE
183,33.8045453194672,-10.2045453194672,-1.15865574581358,-1.15914474986039,0.0113223279081393,0.00219630070703788,FALSE,FALSE,FALSE
184,16.0570778841366,2.74292211586343,0.313153132444023,0.312805873717002,0.0221107320474444,0.000316758970044072,FALSE,FALSE,FALSE
185,21.8598751358833,-0.0598751358833368,-0.00700116015775844,-0.00699255435534176,0.0677567512906831,5.08938509086958e-07,TRUE,FALSE,FALSE
186,30.4245725133158,-8.92457251331584,-1.01583980177071,-1.01587975027942,0.016213987794307,0.00242963820679678,FALSE,FALSE,FALSE
187,29.9807379655481,-4.28073796554812,-0.485104217078694,-0.48464803066961,0.00747046995121383,0.00025303263979666,FALSE,FALSE,FALSE
188,22.3469336366167,-0.346933636616727,-0.0411075806013524,-0.0410571340629664,0.0921267269272432,2.44966222254491e-05,TRUE,FALSE,FALSE
189,42.3048692604838,1.99513073951621,0.226805935777252,0.226541449842119,0.0136974968912179,0.000102056781454136,FALSE,FALSE,FALSE
190,13.6365206113388,6.86347938866119,0.782712063511715,0.782338940370576,0.0199215028654748,0.00177896437914045,FALSE,FALSE,FALSE
191,43.879431554911,-1.57943155491102,-0.179771804341436,-0.179557947690506,0.0161368059429139,7.57230288483853e-05,FALSE,FALSE,FALSE
192,39.2674771303527,-1.4674771303527,-0.166584476441697,-0.166385373751763,0.0108779688023821,4.35982392360135e-05,FALSE,FALSE,FALSE
193,38.4983506658031,4.20164933419695,0.479216041776968,0.478762050997418,0.0201645221414345,0.000675148690297368,FALSE,FALSE,FALSE
194,48.4049790682191,0.895020931780855,0.101541246703825,0.101417711066687,0.0097208162482766,1.44587925386362e-05,FALSE,FALSE,FALSE
195,16.0519007256233,13.2480992743767,1.51636135568194,1.51879365702025,0.0270780986196496,0.00914213355775288,FALSE,FALSE,FALSE
196,40.0147719618543,-5.41477196185429,-0.615388974155616,-0.614918653092356,0.0131817573496318,0.000722665837773503,FALSE,FALSE,FALSE
197,37.6826872331514,-1.08268723315145,-0.123071595711545,-0.122922596440496,0.0135692175731785,2.97649949316289e-05,FALSE,FALSE,FALSE
198,42.5785271165361,5.62147288346391,0.639017107974824,0.638552001685802,0.0136035116006968,0.000804500733830586,FALSE,FALSE,FALSE
199,39.9726135675975,-0.872613567597526,-0.0991227022674026,-0.0990020500172197,0.0121888951468626,1.73196321304084e-05,FALSE,FALSE,FALSE
200,46.4421931645033,-14.8421931645033,-1.68471054448303,-1.68853748390597,0.0107141010269531,0.00439123284871406,FALSE,FALSE,FALSE
201,33.6538044572926,-8.1538044572926,-0.92925708440354,-0.929100933884441,0.0186474149098105,0.0023440522317434,FALSE,FALSE,FALSE
202,47.9955302888865,-2.09553028888646,-0.238067344240003,-0.237791255522063,0.0124377539286967,0.000101971567669562,FALSE,FALSE,FALSE
203,33.4037477057071,-1.90374770570707,-0.216506647604691,-0.216252958878083,0.0145092253358099,9.85907325007284e-05,FALSE,FALSE,FALSE
204,43.464129816498,2.63587018350195,0.299551896129121,0.299216655918546,0.0130841199228742,0.00016994581911209,FALSE,FALSE,FALSE
205,28.070705679691,-1.47070567969104,-0.167637762310252,-0.167437473144046,0.0189659592063076,7.76133456963343e-05,FALSE,FALSE,FALSE
206,37.1556064909216,-15.7556064909216,-1.78668557075889,-1.79152890443599,0.00882522976316271,0.00406044846012672,FALSE,FALSE,FALSE
207,50.3379219883464,-6.33792198834641,-0.721083373615179,-0.7206574606563,0.015311053543274,0.00115499189402437,FALSE,FALSE,FALSE
208,33.9839608025872,0.216039197412775,0.024550678860039,0.0245205179284862,0.013006374961067,1.13467345119602e-06,FALSE,FALSE,FALSE
209,28.8371343866365,-2.63713438663648,-0.301040936587378,-0.300704360377617,0.0218855867866213,0.000289682066246302,FALSE,FALSE,FALSE
210,41.1338516456496,-0.233851645649565,-0.0266040556882084,-0.0265713755766998,0.0151696759979598,1.55744439072984e-06,FALSE,FALSE,FALSE
211,49.5185432215045,2.68145677849553,0.304439021488771,0.30409941489569,0.0111800600663467,0.000149702659611786,FALSE,FALSE,FALSE
212,43.8822894551259,-0.382289455125857,-0.0436168197053718,-0.0435633052480934,0.0208417361075442,5.78483466748477e-06,FALSE,FALSE,FALSE
213,37.4908289259453,-6.39082892594527,-0.727769854484546,-0.727348659691813,0.0171154514732707,0.00131757679185976,FALSE,FALSE,FALSE
214,51.8390305919146,6.16096940808537,0.699970509719791,0.69953125130369,0.0125505635768988,0.000889630795878502,FALSE,FALSE,FALSE
215,35.5762818063602,-14.6762818063603,-1.66775277465877,-1.67142364433349,0.0129367359321061,0.00520768885130182,FALSE,FALSE,FALSE
216,46.6248079101405,1.47519208985955,0.167288128606366,0.16708823313443,0.008841402925253,3.56623728630755e-05,FALSE,FALSE,FALSE
217,32.3243321433667,7.37566785663327,0.840602120988058,0.840298563038482,0.0187086116568014,0.00192453802190438,FALSE,FALSE,FALSE
218,41.3721593749123,-0.572159374912335,-0.0648488938671428,-0.0647695125461391,0.00778648257929717,4.71458296117232e-06,FALSE,FALSE,FALSE
219,43.2247471477755,0.575252852224487,0.0651869778503254,0.0651071861982007,0.00740492662804573,4.52868692715824e-06,FALSE,FALSE,FALSE
220,42.377720961764,-2.17772096176401,-0.247841685380912,-0.247555705893747,0.0159163788361861,0.000141926316493956,FALSE,FALSE,FALSE
221,44.9490052916665,33.3509947083335,3.79713421937225,3.86148098074948,0.0167092951731217,0.0350017738570696,FALSE,TRUE,TRUE
222,39.0395644318632,-0.539564431863246,-0.0615763898177449,-0.0615009830992742,0.021334162244477,1.18078702062858e-05,FALSE,FALSE,FALSE
223,49.0637869720967,-0.563786972096682,-0.0643506974995185,-0.0642719209367432,0.021637489039109,1.30832468348801e-05,FALSE,FALSE,FALSE
224,38.5835101624658,3.71648983753421,0.423994619816814,0.42356697642031,0.0206871439460393,0.000542502485248099,FALSE,FALSE,FALSE
225,41.9180771542493,4.08192284575072,0.463190388707034,0.462742989669535,0.0101104188790181,0.000313042594244279,FALSE,FALSE,FALSE
226,48.2938045673217,0.706195432678294,0.0801804618500337,0.0800825319628034,0.0112444142893631,1.0444483194902e-05,FALSE,FALSE,FALSE
227,13.6174176459218,-0.817417645921792,-0.0931999661898903,-0.0930863928357288,0.0195335079365992,2.47218494240853e-05,FALSE,FALSE,FALSE
228,43.4496545690233,-3.24965456902327,-0.369248698445523,-0.368856585457741,0.0127828312255985,0.000252205330601977,FALSE,FALSE,FALSE
229,34.3547927030627,12.2452072969373,1.42920853506048,1.43104723211525,0.0643415821798438,0.0200663123966535,TRUE,FALSE,TRUE
230,27.1589566289494,-8.15895662894935,-0.935424857781582,-0.935280913535399,0.0303216839706441,0.00390881760891597,FALSE,FALSE,FALSE
231,36.3666642974064,-2.96666429740645,-0.337448872547433,-0.337081219359377,0.0148619459904326,0.000245412402043261,FALSE,FALSE,FALSE
232,13.0561806212655,1.64381937873449,0.187634752856933,0.187412207620411,0.021731924871755,0.000111729751566896,FALSE,FALSE,FALSE
233,12.0546891926274,5.3453108073726,0.61104753769345,0.610576537064475,0.024623749560681,0.00134658559870687,FALSE,FALSE,FALSE
234,44.3628481880755,-11.9628481880755,-1.36344559977638,-1.36489022973071,0.0187722958372614,0.00508071901675414,FALSE,FALSE,FALSE
235,34.1553077211952,-10.2553077211952,-1.16376502519023,-1.16427321379389,0.0102100528787139,0.00199580228282956,FALSE,FALSE,FALSE
236,43.4672649390093,-4.16726493900929,-0.473222493581551,-0.472770863511572,0.0115659151875257,0.000374338942889665,FALSE,FALSE,FALSE
237,54.9031373172493,6.99686268275065,0.798035775446758,0.797679120796207,0.0201982119114542,0.00187551861290163,FALSE,FALSE,FALSE
238,38.1040760207002,0.895923979299752,0.102084529576712,0.101960346835892,0.0182549829437486,2.76824516139559e-05,FALSE,FALSE,FALSE
239,37.7289302567578,2.8710697432422,0.327140028330066,0.326780855554116,0.0182602877018163,0.000284367913045389,FALSE,FALSE,FALSE
240,34.6870530436965,-4.98705304369646,-0.56859109096234,-0.568117830317641,0.0194626934961724,0.0009167288152361,FALSE,FALSE,FALSE
241,33.3577605377157,-4.55776053771568,-0.516688188872696,-0.516222379079586,0.00820437590435475,0.000315487669972767,FALSE,FALSE,FALSE
242,47.1132704596055,-5.71327045960546,-0.648671542010183,-0.648209318643123,0.0112280798277085,0.000682591722993293,FALSE,FALSE,FALSE
243,33.9126218121103,-0.512621812110342,-0.0583250550771498,-0.0582536020585518,0.0153994002399086,7.60074190893067e-06,FALSE,FALSE,FALSE
244,46.5964431150239,1.60355688497614,0.182246390014862,0.182029789943576,0.0132045898277431,6.34917976403328e-05,FALSE,FALSE,FALSE
245,38.660279314134,-16.960279314134,-1.92616123526815,-1.9326222743199,0.0117724158531505,0.0063138732510985,FALSE,FALSE,FALSE
246,45.7498722936613,-4.94987229366126,-0.561677015746461,-0.561204117893407,0.0101008950401791,0.000459879649703294,FALSE,FALSE,FALSE
247,43.7636302842231,-3.16363028422314,-0.35868946244308,-0.358305177995019,0.00845949478286004,0.000156809786350113,FALSE,FALSE,FALSE
248,31.5853043811259,-8.4853043811259,-0.966921584821218,-0.966844118171809,0.018413471944549,0.00250548360726804,FALSE,FALSE,FALSE
249,31.1291458687544,-8.82914586875437,-1.0053178556917,-1.00533105878497,0.0168793019186272,0.00247888508431846,FALSE,FALSE,FALSE
250,7.44374866952318,7.55625133047682,0.882398790776367,0.882158324187945,0.065328008232151,0.00777449085374112,TRUE,FALSE,FALSE
251,39.6413192327332,-9.64131923273319,-1.09564002360353,-1.09591056208677,0.0130085355991436,0.0022602305989779,FALSE,FALSE,FALSE
252,23.6912395946473,-9.89123959464729,-1.12995662724953,-1.13034201426192,0.0233158395374082,0.00435434083714349,FALSE,FALSE,FALSE
253,50.6326853095332,2.06731469046676,0.235250354107161,0.234977147330916,0.0156968883944264,0.000126080303052044,FALSE,FALSE,FALSE
254,26.0002598746495,-0.100259874649459,-0.0114184708460036,-0.0114044364401669,0.0173142283100776,3.28175629322081e-07,FALSE,FALSE,FALSE
255,47.301463819684,4.49853618031599,0.512747919059052,0.51228310710147,0.0189054334014976,0.000723744939838993,FALSE,FALSE,FALSE
256,8.79190580007191,8.60809419992809,0.992373556805717,0.992354987324413,0.040952973407344,0.00600755648520529,TRUE,FALSE,FALSE
257,37.5831416492811,-11.0831416492811,-1.26419203701821,-1.26512436824344,0.0203387843432348,0.00473998685635269,FALSE,FALSE,FALSE
258,39.3995355799834,4.50046442001658,0.512268123710549,0.511803437274739,0.0162239431812105,0.000618239562398087,FALSE,FALSE,FALSE
259,51.6014242219488,11.6985757780512,1.32921139942908,1.33046840590315,0.012688674396996,0.0032437861006146,FALSE,FALSE,FALSE
260,32.6495077279752,-3.84950772797516,-0.437864565226792,-0.437429359248095,0.014839391671639,0.000412563327352086,FALSE,FALSE,FALSE
261,37.3720939172437,-6.67209391724374,-0.756172946523189,-0.755774499201174,0.00766507030072342,0.000630960388206174,FALSE,FALSE,FALSE
262,29.7861563261453,-5.38615632614526,-0.610283791021725,-0.609812679650722,0.00718007253096781,0.00038479017680481,FALSE,FALSE,FALSE
263,44.6704750988794,8.32952490112056,0.943884060639313,0.943757286194891,0.00738826479468101,0.000947332225926496,FALSE,FALSE,FALSE
264,35.964549374913,-4.26454937491297,-0.48470865572245,-0.484252612945001,0.0133548356828457,0.000454298253928,FALSE,FALSE,FALSE
265,39.9973186291324,0.602681370867639,0.0684034631541944,0.0683197704511371,0.0105460120863798,7.12444111448547e-06,FALSE,FALSE,FALSE
266,40.1939854385462,-2.09398543854615,-0.237342807967759,-0.237067459169361,0.0078635385798564,6.37823804462252e-05,FALSE,FALSE,FALSE
267,33.9408519280334,-10.2408519280334,-1.16054431205587,-1.16104038116738,0.00751268031558388,0.00145644925205494,FALSE,FALSE,FALSE
268,36.6272186935731,4.4727813064269,0.507904756284513,0.50744125118361,0.0115219797366807,0.000429562745938395,FALSE,FALSE,FALSE
269,45.8530978113199,-5.75309781131992,-0.651642828252232,-0.651181581641686,0.00651680860930486,0.000397919885166784,FALSE,FALSE,FALSE
270,32.2473928054817,-9.24739280548168,-1.05204304126894,-1.05218143368795,0.0152004455681987,0.00244049235329461,FALSE,FALSE,FALSE
271,42.3095179486872,75.1904820513128,8.5674157291801,9.45148905315119,0.018246849260356,0.194888953329484,FALSE,TRUE,TRUE
272,44.0025329262885,-17.5025329262885,-1.98631663889147,-1.99356125875988,0.0103512200877974,0.00589534696620881,FALSE,FALSE,FALSE
273,39.9538868762208,0.546113123779172,0.0619367569352074,0.0618609122922043,0.00906640659375777,5.01405996043846e-06,FALSE,FALSE,FALSE
274,42.2683783511988,-12.9683783511988,-1.47977233474549,-1.48194524430313,0.0210561421871183,0.00672841524410282,FALSE,FALSE,FALSE
275,42.6453657764766,-1.64536577647659,-0.186361596493291,-0.186140452397177,0.00645321320464268,3.22257100411641e-05,FALSE,FALSE,FALSE
276,47.531018216428,2.168981783572,0.247129883609883,0.246844618599066,0.018167219184354,0.0001614371259306,FALSE,FALSE,FALSE
277,37.2466157985438,-3.24661579854375,-0.36874016870347,-0.368348425852693,0.0119085454332224,0.000234101628400678,FALSE,FALSE,FALSE
278,31.1870832479295,-3.48708324792951,-0.395578500778279,-0.395168207179503,0.00954324384606953,0.000215391133871234,FALSE,FALSE,FALSE
279,43.8312410580057,0.168758941994297,0.0192620961414504,0.0192384268485141,0.0216308643169427,1.17187201135876e-06,FALSE,FALSE,FALSE
280,40.5714848502505,-9.47148485025052,-1.07719748458579,-1.07741027345631,0.0145792004960949,0.00245247508995431,FALSE,FALSE,FALSE
281,48.0346171196524,-2.63461711965239,-0.299026853448711,-0.298692085485661,0.010556760930188,0.000136289419941398,FALSE,FALSE,FALSE
282,53.8059719940412,-9.00597199404124,-1.02484532971751,-1.02490883052957,0.0157151974624307,0.00239561859471142,FALSE,FALSE,FALSE
283,31.6315487438965,-6.03154874389647,-0.689068851562037,-0.688623608578187,0.023418046402598,0.00162655654257427,FALSE,FALSE,FALSE
284,32.8905792895057,-9.39057928950568,-1.07245082317654,-1.07264919016384,0.0227487326660924,0.00382479091019637,FALSE,FALSE,FALSE
285,43.4339057302075,-9.03390573020748,-1.02409038772871,-1.02415189055512,0.00813908439384052,0.00122942860645221,FALSE,FALSE,FALSE
286,36.4591221284337,18.8408778715663,2.13501104150842,2.14442884180661,0.00739086838684736,0.00484863411842399,FALSE,TRUE,FALSE
287,51.0617704203797,5.23822957962033,0.595652402977333,0.595179673394607,0.0142665162384735,0.000733577803880575,FALSE,FALSE,FALSE
288,37.2196461250918,-4.31964612509176,-0.490614440240584,-0.490156311421757,0.0119203959860959,0.000414840702618924,FALSE,FALSE,FALSE
289,48.0857205028382,2.9142794971618,0.33067234054386,0.33031023271474,0.00998240946806639,0.000157503485055033,FALSE,FALSE,FALSE
290,47.3552920625476,-2.8552920625476,-0.323453366666033,-0.323097289258949,0.00676052324164832,0.000101730610180961,FALSE,FALSE,FALSE
291,30.9664198168335,6.03358018316647,0.689360119615652,0.688915028621613,0.0235857368499458,0.00163987069319015,FALSE,FALSE,FALSE
292,45.4590301945983,8.94096980540169,1.0200281416732,1.02007896775818,0.020687727304885,0.00313991472332804,FALSE,FALSE,FALSE
293,39.0355710406694,-14.5355710406694,-1.65062568042889,-1.65414256759789,0.0115760751160936,0.00455845049149453,FALSE,FALSE,FALSE
294,42.7939235903179,-0.293923590317924,-0.0334158121004133,-0.0333747812697239,0.0138542766523742,2.24103562503289e-06,FALSE,FALSE,FALSE
295,45.2462034682137,-7.1462034682137,-0.810560783712932,-0.810218617209235,0.00926883003497009,0.000878096462759537,FALSE,FALSE,FALSE
296,30.6800484773364,-8.88004847733638,-1.00622792407205,-1.00624340774325,0.00730875722694034,0.00106493729416314,FALSE,FALSE,FALSE
297,42.0633224622069,-7.96332246220693,-0.909794483933739,-0.909601523255413,0.0234864955211899,0.00284399300938348,FALSE,FALSE,FALSE
298,34.003123546099,-5.50312354609905,-0.625601485373438,-0.625133101425405,0.0137222595939453,0.000777900233431796,FALSE,FALSE,FALSE
299,15.2798171977006,1.42018280229935,0.161926255826633,0.161732416599266,0.0195392812270187,7.46474356002643e-05,FALSE,FALSE,FALSE
300,47.6902533507245,-1.59025335072449,-0.181070526611331,-0.180855229129379,0.0168645472581853,8.03449932472284e-05,FALSE,FALSE,FALSE
301,45.2528682428002,-8.35286824280023,-0.947688379545657,-0.947569489514311,0.00981487192173625,0.00127174871713198,FALSE,FALSE,FALSE
302,29.3276222090092,6.37237779099078,0.729806004620702,0.729386294223592,0.0282279265931551,0.00221019905913049,FALSE,FALSE,FALSE
303,31.4215862044721,-8.22158620447212,-0.933284348711769,-0.933136138558359,0.0108560198831513,0.00136565513882498,FALSE,FALSE,FALSE
304,33.0569493963296,5.34305060367039,0.612358737522119,0.611887933150355,0.0296174351468536,0.00163500189116081,FALSE,FALSE,FALSE
305,34.6422795551003,-5.24227955510027,-0.594574036893763,-0.594101225554082,0.00915728719294492,0.000466741005271484,FALSE,FALSE,FALSE
306,45.4477352704144,9.5522647295856,1.08153955594867,1.08176569500848,0.00573046580072394,0.000963102629187589,FALSE,FALSE,FALSE
307,42.3706057596411,7.82939424035889,0.894193525712768,0.893972902436237,0.022831339440926,0.0026688665780966,FALSE,FALSE,FALSE
308,21.0944781066281,3.60552189337191,0.427860184848615,0.427430372486418,0.0948745566385279,0.00274123769417244,TRUE,FALSE,FALSE
309,47.1101353370942,5.88986466290578,0.667496262300371,0.667040949697809,0.00759440712420177,0.000487084498635926,FALSE,FALSE,FALSE
310,25.1470695919889,-6.0470695919889,-0.690361524965709,-0.689916959821627,0.0220581704576325,0.00153571838905025,FALSE,FALSE,FALSE
311,32.0553413238076,-7.35534132380764,-0.842073017803333,-0.841771492622545,0.027516130121903,0.00286619946901825,FALSE,FALSE,FALSE
312,40.565234030634,1.63476596936605,0.184901049592755,0.184681515603648,0.00365746274994047,1.79288301253366e-05,FALSE,FALSE,FALSE
313,44.7286665710648,33.2713334289352,3.79697902259519,3.8613173579005,0.021321008463853,0.044868942332878,FALSE,TRUE,TRUE
314,46.2810921870635,-3.48109218706348,-0.394721011837254,-0.394311279226063,0.00865046711875769,0.000194220560997358,FALSE,FALSE,FALSE
315,47.2094840436742,-5.60948404367425,-0.636469748101492,-0.636003954711221,0.00992852128048906,0.000580330656797003,FALSE,FALSE,FALSE
316,36.2050180002687,-8.9050180002687,-1.01265068171374,-1.0126824362951,0.0143413612414454,0.00213149894233152,FALSE,FALSE,FALSE
317,45.9338948506761,-3.93389485067606,-0.445805224023218,-0.44536596661114,0.00749789533248549,0.000214486619190922,FALSE,FALSE,FALSE
318,37.6051097165595,-0.105109716559501,-0.0119397832638217,-0.0119251082929594,0.0121998419599186,2.51524306441502e-07,FALSE,FALSE,FALSE
319,54.8394272755427,-5.03942727554273,-0.57442563758518,-0.573952226683862,0.0189955381650805,0.000912746569534105,FALSE,FALSE,FALSE
320,35.5226822178695,-8.62268221786948,-0.983038345513507,-0.982997627482369,0.01933631721143,0.00272205281421018,FALSE,FALSE,FALSE
321,12.0126733023834,6.58732669761658,0.753748044811087,0.753347481881414,0.0264858768211558,0.00220813924123847,FALSE,FALSE,FALSE
322,41.8613345818459,-4.1613345818459,-0.473131900697705,-0.472680307275452,0.0139996775358092,0.000454053886795665,FALSE,FALSE,FALSE
323,40.1646926325294,-7.06469263252937,-0.804871642003316,-0.804522779031142,0.0180044070549213,0.00169677593794083,FALSE,FALSE,FALSE
324,44.0662412372549,-1.56624123725485,-0.177582792283775,-0.177371369215723,0.00850210706969335,3.86312263639908e-05,FALSE,FALSE,FALSE
325,30.8347616147595,0.465238385240522,0.0529133535768293,0.0528484912562495,0.0146358609224751,5.9409248123866e-06,FALSE,FALSE,FALSE
326,39.753931884306,-1.653931884306,-0.188167709549349,-0.187944578444765,0.0152606555612898,7.83870024549071e-05,FALSE,FALSE,FALSE
327,48.702920792701,13.397079207299,1.53048224122528,1.53301868354034,0.023347853615368,0.00799955082864593,FALSE,FALSE,FALSE
328,44.6455519971198,-7.94555199711979,-0.90392366710102,-0.903720105922366,0.0151708806956727,0.00179810639989178,FALSE,FALSE,FALSE
329,34.1760649928047,-10.5760649928047,-1.20045805289663,-1.20111070481393,0.0106943450556055,0.0022254592152741,FALSE,FALSE,FALSE
330,13.2729579316688,5.9270420683312,0.676639652059794,0.676188323079528,0.0220033242161021,0.00147152541879961,FALSE,FALSE,FALSE
331,24.4206651528464,-11.6206651528464,-1.32720523416959,-1.32845160826978,0.0228481669061189,0.00588392926449918,FALSE,FALSE,FALSE
332,12.5270374933962,3.07296250660381,0.350903003816683,0.350524681433938,0.0225003756343859,0.000404901421204631,FALSE,FALSE,FALSE
333,33.335418559384,6.26458144061596,0.713321838414032,0.712890747153072,0.0169189452865267,0.00125099899153192,FALSE,FALSE,FALSE
334,43.4123473529032,-5.01234735290323,-0.569108593529977,-0.56863531376607,0.0112914709932137,0.000528414211891501,FALSE,FALSE,FALSE
335,39.5396177841439,-16.7396177841439,-1.9067057158689,-1.91292464737262,0.0175736865194375,0.00929035235844628,FALSE,FALSE,FALSE
336,41.9853844525875,-5.48538445258754,-0.623787262320733,-0.623318499305098,0.0143621196347835,0.000809983400012009,FALSE,FALSE,FALSE
337,37.4563783943812,-1.85637839438117,-0.212018025140634,-0.211769095428168,0.0228444823660821,0.000150129197444602,FALSE,FALSE,FALSE
338,35.6491193386361,-4.74911933863611,-0.539380001264598,-0.538909610234148,0.0118730734419385,0.000499392550991303,FALSE,FALSE,FALSE
339,42.1260734138356,-5.82607341383557,-0.663102051852103,-0.662644971677559,0.0160627323334185,0.00102545053422906,FALSE,FALSE,FALSE
340,50.5723235763377,-0.172323576337733,-0.0195722147110547,-0.019548164633168,0.0119345720775099,6.61002421924168e-07,FALSE,FALSE,FALSE
341,34.5141420605776,8.38585793942239,0.959340036412193,0.959245927786778,0.0260736606498253,0.00351984059953128,FALSE,FALSE,FALSE
342,38.4632467704648,-1.46324677046479,-0.16616151947392,-0.165962893608246,0.0115596025510313,4.61270080189585e-05,FALSE,FALSE,FALSE
343,49.8284554645463,3.67154453545371,0.418707574685943,0.418282973368661,0.0199410164897594,0.000509587391571739,FALSE,FALSE,FALSE
344,42.6619079355373,3.93809206446275,0.447675099561211,0.447234918115779,0.0136703241025954,0.000396811773094291,FALSE,FALSE,FALSE
345,28.3662593759657,12.8337406240343,1.49248778253451,1.49474914105685,0.0575437600677823,0.0194294528933965,TRUE,FALSE,TRUE
346,40.153030212676,-2.25303021267603,-0.258374906619491,-0.258078463861002,0.0308084615115844,0.000303153804482726,FALSE,FALSE,FALSE
347,34.4807671353556,-3.68076713535565,-0.417657603355367,-0.417233616475159,0.0100525320453356,0.000253049836546929,FALSE,FALSE,FALSE
348,10.6173420033063,0.582657996693659,0.06807658776776,0.067993291275358,0.0662983803963847,4.70102245425295e-05,TRUE,FALSE,FALSE
349,47.1411196549952,6.55888034500477,0.744451911937881,0.744043541031375,0.0106217360443826,0.00084997939754509,FALSE,FALSE,FALSE
350,43.4123473529032,3.58765264709677,0.407346859327441,0.406929085177612,0.0112914709932137,0.000270715390754054,FALSE,FALSE,FALSE
351,41.1872018320542,1.11279816794578,0.125962931888959,0.125810543452476,0.00522804997504092,1.19125210432284e-05,FALSE,FALSE,FALSE
352,32.8481981085544,-4.24819810855442,-0.483155351991577,-0.482699878636272,0.0146008546403152,0.000494130481790739,FALSE,FALSE,FALSE
353,26.3878783539466,-0.687878353946594,-0.0781652425214007,-0.0780697433544041,0.0128749445739755,1.13841998731095e-05,FALSE,FALSE,FALSE
354,36.3396946239545,-5.03969462395445,-0.573233634625807,-0.572760242745114,0.0148068998939821,0.000705517950973959,FALSE,FALSE,FALSE
355,32.0810249847392,-1.98102498473917,-0.225981148599257,-0.225717520906416,0.0204835577528923,0.00015255977643253,FALSE,FALSE,FALSE
356,48.9545069600275,11.7454930399725,1.3322995939558,1.33357304523456,0.00936205103747144,0.00239641370519408,FALSE,FALSE,FALSE
357,39.9633404107816,5.33665958921843,0.608581022774094,0.608109673956027,0.0198818330845058,0.00107328919131728,FALSE,FALSE,FALSE
358,52.7917620637559,-7.89176206375589,-0.900005165643647,-0.899794657486618,0.0199816455686072,0.00235933171636575,FALSE,FALSE,FALSE
359,47.8647199713762,-2.76471997137623,-0.31382770031778,-0.31347985647383,0.0107729150462707,0.000153222218090209,FALSE,FALSE,FALSE
360,28.9892531337531,-4.28925313375307,-0.49850295730374,-0.498042239175549,0.0563648181037848,0.0021205153639084,TRUE,FALSE,FALSE
361,45.6308039871787,1.46919601282134,0.167984591647197,0.167783912093574,0.0250174692985127,0.000103439734498505,FALSE,FALSE,FALSE
362,40.1849504505297,23.1150495494703,2.63211827744247,2.65154721227319,0.0169964104774038,0.017112555484428,FALSE,TRUE,TRUE
363,44.3703830203848,-4.37038302038479,-0.4967112748947,-0.49625112491955,0.0132498249168913,0.000473274302166949,FALSE,FALSE,FALSE
364,49.7078482581324,-1.70784825813245,-0.194727578370146,-0.194497268718472,0.0195625667383745,0.000108084355732572,FALSE,FALSE,FALSE
365,42.2528116012851,-9.15281160128514,-1.03995919141893,-1.0400636066473,0.0126919026041641,0.00198613418819603,FALSE,FALSE,FALSE
366,30.1415082172827,-0.641508217282722,-0.0727958597503188,-0.0727068482790907,0.0101546746546376,7.76629702688457e-06,FALSE,FALSE,FALSE
367,25.9619471191496,-1.16194711914965,-0.133262753015499,-0.133101842776932,0.0309829617854543,8.11168429872779e-05,FALSE,FALSE,FALSE
368,30.6070937994124,-9.70709379941244,-1.10171927308213,-1.10200945104462,0.0105068164646298,0.00184120520084739,FALSE,FALSE,FALSE
369,40.4821846351986,2.61781536480137,0.298115923139276,0.297781975948802,0.0171575043736316,0.00022163712046603,FALSE,FALSE,FALSE
370,27.5950170742373,-4.79501707423733,-0.545431547224492,-0.544960276850147,0.014909667451859,0.000643241960503935,FALSE,FALSE,FALSE
371,43.8123053920875,-1.71230539208754,-0.194363224982236,-0.194133312447835,0.0107398756132521,5.85893798050465e-05,FALSE,FALSE,FALSE
372,44.9101542467938,6.7898457532062,0.773979392820525,0.77359749388508,0.0190716882768253,0.00166384407977553,FALSE,FALSE,FALSE
373,39.570498645104,1.92950135489595,0.219220145959107,0.218963595811513,0.0125718622852519,8.74091710203707e-05,FALSE,FALSE,FALSE
374,43.8822894551259,8.31771054487415,0.948998399858576,0.948882248311876,0.0208417361075442,0.00273850740326529,FALSE,FALSE,FALSE
375,48.1773495718631,1.32265042813688,0.149901670952644,0.149721536437195,0.00767609432843244,2.48314315097227e-05,FALSE,FALSE,FALSE
376,30.5803285619123,-6.7803285619123,-0.772734786018008,-0.772351671953776,0.0186661025352971,0.00162255614278221,FALSE,FALSE,FALSE
377,34.1372791614034,-3.63727916140344,-0.412690584476693,-0.412269550119123,0.00989695563795871,0.000243204893368413,FALSE,FALSE,FALSE
378,49.2644291592417,7.53557084075833,0.859967844248248,0.859692135529257,0.0213122847341722,0.00230065902505632,FALSE,FALSE,FALSE
379,40.5302190136679,-3.13021901366788,-0.356534539505037,-0.356151889187113,0.0175227996680525,0.000323881537755161,FALSE,FALSE,FALSE
380,51.1723391111024,18.5276608888976,2.10392202018896,2.11285677133944,0.0115421462400456,0.00738396542174592,FALSE,TRUE,FALSE
381,47.3013527156436,5.99864728435638,0.679528507991787,0.679078524187828,0.00672949657175201,0.000446922644624413,FALSE,FALSE,FALSE
382,54.8722412413508,-7.57224124135082,-0.861263826595205,-0.860990066135496,0.0147357676438901,0.00158487283627813,FALSE,FALSE,FALSE
383,13.8618910721154,15.4381089278846,1.76512505704575,1.7697421439875,0.0249800773796804,0.0114033698373847,FALSE,FALSE,TRUE
384,36.966920079033,3.33307992096699,0.378972539298102,0.378573485221606,0.0140560660254786,0.000292502116283439,FALSE,FALSE,FALSE
385,12.8322902514509,0.0677097485491004,0.00773529723356832,0.00772578913501857,0.0233821960904389,2.0465230185843e-07,FALSE,FALSE,FALSE
386,51.3040339414627,-4.70403394146266,-0.534999976276585,-0.534530312675563,0.0146066752578802,0.000606109712731683,FALSE,FALSE,FALSE
387,41.011199404567,14.288800595433,1.63570368438475,1.63908937044706,0.0273456456061062,0.010745852364438,FALSE,FALSE,TRUE
388,31.384174935714,-5.78417493571404,-0.655338263843106,-0.654878291311472,0.00704850495539555,0.00043551386711134,FALSE,FALSE,FALSE
389,34.5250233979343,-7.22502339793429,-0.820968664354287,-0.820639251437834,0.01280805686709,0.00124921378067177,FALSE,FALSE,FALSE
390,40.5457312892124,27.1542687107876,3.09521864024833,3.12845344250933,0.018998195002006,0.0265049603515687,FALSE,TRUE,TRUE
391,44.880130210783,-6.28013021078299,-0.715502522781655,-0.715072854213589,0.0180458585305176,0.00134403519397864,FALSE,FALSE,FALSE
392,31.778151173236,-0.478151173235951,-0.0550299869495608,-0.0549625454417152,0.0377057739626203,1.69512121550866e-05,TRUE,FALSE,FALSE
393,38.1774952319049,-2.87749523190493,-0.327438266830244,-0.327078845076503,0.0156566589624311,0.00024362020807998,FALSE,FALSE,FALSE
394,42.2788983577595,-1.97889835775951,-0.22486007986623,-0.224597620529406,0.0128151014445242,9.37670442846255e-05,FALSE,FALSE,FALSE
395,15.9647820971517,8.73521790284834,0.998612933731093,0.998609524434084,0.0247199039421843,0.00361088577994881,FALSE,FALSE,FALSE
396,39.3584041317352,3.14159586826481,0.355607069582205,0.355225126346289,0.00519923700973481,9.44161393544217e-05,FALSE,FALSE,FALSE
397,27.95346951815,3.94653048184998,0.452411264297092,0.451968794120514,0.0300700901604779,0.000906490292277355,FALSE,FALSE,FALSE
398,45.2037490923845,-13.0037490923845,-1.48158326781055,-1.4837686648719,0.0181135176963601,0.00578489669646367,FALSE,FALSE,FALSE
399,34.1372791614034,-11.1372791614034,-1.26365066926186,-1.2645804668474,0.00989695563795871,0.00228022262804302,FALSE,FALSE,FALSE
400,39.8287181129841,-2.52871811298406,-0.28823953544248,-0.287914602943571,0.0189977837061326,0.000229848677147403,FALSE,FALSE,FALSE
401,40.9032469058098,-5.40324690580977,-0.611525982726934,-0.61105505281135,0.00492447012009075,0.000264384048440986,FALSE,FALSE,FALSE
402,33.1434914173898,-5.44349141738979,-0.617575089372092,-0.61710514286389,0.00973417056209177,0.000535585311736384,FALSE,FALSE,FALSE
403,39.3604622726415,-10.8604622726415,-1.23852111413677,-1.23933631386644,0.0199098125819596,0.00445153631177342,FALSE,FALSE,FALSE
404,44.8283852967858,-5.12838529678579,-0.585218584750024,-0.584745277225203,0.0211834095879674,0.00105884580605869,FALSE,FALSE,FALSE
405,46.6810502262478,-5.48105022624779,-0.620817463622646,-0.620348112771461,0.00648149307301671,0.000359193864784459,FALSE,FALSE,FALSE
406,37.6577272794008,-0.457727279400805,-0.0522023556898643,-0.052138360138609,0.0200370931017462,7.95989321885559e-06,FALSE,FALSE,FALSE
407,49.6167493101893,-9.11674931018935,-1.03437065903673,-1.03445974190827,0.00984339665882718,0.00151948159424292,FALSE,FALSE,FALSE
408,26.5226232220863,-4.2226232220863,-0.490175870169408,-0.489717891944452,0.0541177959949953,0.00196385248894825,TRUE,FALSE,FALSE
409,31.9746670763396,-3.87466707633955,-0.439515986495874,-0.439079921056805,0.009406028754079,0.000262036586926482,FALSE,FALSE,FALSE
410,14.3725685025776,1.02743149742242,0.117160947933607,0.117018900381743,0.0197965077511619,3.96040912509476e-05,FALSE,FALSE,FALSE
411,49.8554251379983,0.144574862001715,0.0164879088009358,0.0164676464272,0.0199896376520334,7.92149891655524e-07,FALSE,FALSE,FALSE
412,46.8288883513922,-6.22888835139219,-0.70522748394916,-0.704791330333275,0.00565090506158818,0.00040377511223201,FALSE,FALSE,FALSE
413,44.6186926352846,7.88130736471538,0.893168656673803,0.892946272837148,0.00755641357618406,0.000867718383825324,FALSE,FALSE,FALSE
414,53.9035455810879,9.99645441891208,1.13771418101848,1.13812688789504,0.0159846221605791,0.00300378464064257,FALSE,FALSE,FALSE
